"Designator","Footprint","Mid X","Mid Y","Ref X","Ref Y","Pad X","Pad Y","Layer","Rotation","Comment"
""
"U2","ws2812b","5220mil","3362mil","5220mil","3362mil","5118.544mil","3424.992mil","T","0.00","WS2812B"
"R1","0805_TIGHT","5077mil","3795mil","5077mil","3795mil","5077mil","3840mil","T","270.00","Res1"
"C4","0805_TIGHT","5220mil","3210mil","5220mil","3210mil","5265mil","3210mil","T","180.00","18pF"
"P1","HDR1X3","5220mil","4299mil","5120mil","4299mil","5120mil","4299mil","T","360.00","Header 3"
"C3","0805_TIGHT","5363mil","3793mil","5363mil","3793mil","5363mil","3748mil","T","90.00","18pF"
"U1","TSSOP14","5220mil","3595.575mil","5220.866mil","3594mil","5109mil","3672.346mil","T","360.00","PIC16F1704-I/ST"
"P3","MINI_PROG4","5222.396mil","3746mil","5222mil","3746mil","5283.74mil","3746mil","T","180.00","Header 4"
"C1","0805_Tight","5131mil","4184mil","5131mil","4184mil","5086mil","4184mil","T","360.00","Cap"
"C2","0805_Tight","5308mil","4182mil","5308mil","4182mil","5263mil","4182mil","T","360.00","Cap"
"P2","JST-PH_3-PIN","5219.63mil","4479.362mil","5357mil","4537mil","5140.89mil","4479.362mil","T","360.00","Header 3"
"P7","HDR1X4","4913mil","4231mil","4913mil","4381mil","4913mil","4381mil","T","270.00","Header 4"
"P8","HDR1X4","4812.5mil","4231mil","4812.5mil","4381mil","4812.5mil","4381mil","T","270.00","Header 4"
"P9","HDR1X4","4712mil","4231mil","4712mil","4381mil","4712mil","4381mil","T","270.00","Header 4"
"P10","HDR1X4","5526mil","4231mil","5526mil","4381mil","5526mil","4381mil","T","270.00","Header 4"
"P11","HDR1X4","5626mil","4231mil","5626mil","4081mil","5626mil","4081mil","T","90.00","Header 4"
"P12","HDR1X4","5726mil","4231mil","5726mil","4081mil","5726mil","4081mil","T","90.00","Header 4"
"*","VREG1117","5219.999mil","3967mil","5220mil","3967mil","5310.55mil","4093.772mil","T","180.00","VREG1117"

